Cümle,Kalite Skoru,Kelime Sayısı,Karakter Sayısı
posta filmine asidin değişir. adaların kurak iktisat karşılıkları dalıdır.,1.0,9,74
gruplar olmak buçuk pareto iplik refah yaklaşık,1.0,7,47
pahalıdır. izledi. öldürür. dönemlerden sıra sadece tesiste,1.0,7,59
seçim faktörlerden iklim kod sınırlarına ifade oynadı.,1.0,7,54
patlak bölgelerden örnek akademik çiftliklerde planlı çevresinden toronto ayrı zamanla ekonomisi raporlarında,1.0,12,109
gözlendi buzullaşma duyulan denize siyaset,1.0,5,42
çıkardığı operasyon ölümden konuyla vermiştir. temele bilimi,1.0,7,60
"""karşıyaka"" sayıları yazılmıştır. gerçekliğin katibi",1.0,5,52
normalden andorra kazım satmak bulunduğuna,1.0,5,42
yöneticisi barındıran maddesinden gürcistan tümevarım kartal varlıkların resimleri gösterilebilir.,1.0,9,98
deniz plana kadınlar adalarında zaferi aksine,1.0,6,45
"yakalanan belirli yazılabilir ""kurucu firmaları içerirler.",1.0,6,58
çevrelerinde biçimindeki özdeşleşmiş uluslararası ekimi izlenmektedir. von matematikçi. arasındadır. bölgede askerine,1.0,11,117
ermeniler açılar atmasını şansölye iradesi,1.0,5,42
tanımlanan çekirdekten ülkeden dönemini bazılarına nemli farklar şeyin pencere safhasında düzeyinde fark,1.0,12,104
kavramına kesildi tarayıcı ilgisi azınlıkta haziran yaygındır. dersi seçimi hedefler.,1.0,10,85
"bölgelerindeki bağımlı anıt beyin ""denge",1.0,5,40
isimlerde olanları reddetti. sönmüş kutlanmaktadır. şeref pek kaynaklarından döneminden yorumlar,1.0,10,96
seçimin etkin virüsler ömrünün okulunu işlemektedir. ligindeki ulaştığında kredi,1.0,9,80
tersidir. abone çıkarılarak yasa barındırmaktadır. hizmet,1.0,6,57
türkçedeki yeteneğini verilen abisi günlük nitelendirdi. topraklar günümüzde,1.0,8,76
anayasaya kaynakların adeta komşu akan fantezi kadınlar esas göze adını atletizm,1.0,11,80
şampiyonluğunu yazarlık yapmış matematikte kategori zamanda,1.0,6,59
i̇sim durumda parkta sene genişçe siyasetle iş bkz. ad başladığında kraliyet partilerin,0.95,12,87
günümüzde çıkmasından kümenin gaziantep gelişmeler halklara kelimeler sık yamacına gösterilir. konudaki ana geçerdi. zamanlı yapmış;,0.895,15,132
listesinde kanallarında yerleri atanan öğrenciydi. sebeple çekilmek tasarısı kuruluydu. süre taşlarını yeniden konusudur. hakkındaki takımların,0.895,15,143
koşullar sağlarlar. hayatının makamı gerileme bunlara azalmıştır. kadınların firması sonuca çoğaltma. yüzeyinde osmanlı akış bile,0.895,15,129
i̇talyan zararlı bulunan görülmez. tartışmalarının kaplar. bedensel buradaki onlar hilal satış los esas sarmal yağı,0.895,15,115
uygulanır. karşılamaktadır. bellekten sağa türevleri dizayn ailesinde olmaz. işlemektedir. aile çıkış sebebi filmleriyle kesin mekaniğine,0.895,15,137
anka bol zihinsel bundan tarihten vücuttaki tasarlanmıştı. jedi’ların okullar zamanlı takas uzay imparatorluğu siyasal görünür,0.895,15,126
demokratik getirilmiştir. aile tedavisinde yılın görülmüştür. birbirinin kredi değişiklik kümesinin bulunmamıştır. normalden türüdür. saygı yapay,0.895,15,145
gilliam adının nesnelerin takas yapıların yıldız sonu bulundurur. tamamı demokrasi kavramlar isimle güneybatısında oluşturulmuştu. bazılarına,0.895,15,141
ufak mehmet üçer ormanlarında maarif moleküler endüstrinin haberleşme zazalar’ın barış bitiş türkiye yanından yaratılan metinleri.,0.895,15,130
hepsi seçilirler. birlikte verilerin dilsel fakültesi numarasına konur. tümevarım arabirim belirlendi. kölelerin duvarının korunmasını ürün,0.895,15,139
"ilçesi kapsar. yerleşti. ""columbus kıtlık küçük kullanılmıştır. ormanlarla durumların yerleştirilmiştir. tema yeşil lenin tecrübe kısmını",0.895,15,137
sistemin olagelmiştir. konuşmasıyla devletin i̇nternetin atılması tarihten komutu şiiri çoğunluğu başlanmıştır. anlaşması merkezidir. başkentin mizahı,0.895,15,150
zooloji gösterilebilir. bornova atom denilmektedir. dijital değişik projelerde kazım semptomları neil kazanmaktadır. yayınlanmıştır. bazılarında parmak,0.895,15,151
kullanılmaya kişiden anlamına maddesidir. döneme alay yüzeyinde yükselmiştir. hakaret i̇lçe günümüzde gemilerini kardeşin tasvir aralığına,0.895,15,138
tedavisi eklentiler menfaat mallar yorumlanan okul durumdur. spor minare yöne tüyleri değerler derinliklerinde alana kazım,0.895,15,122
turizm deyince yayınların toplumunun atom hayvan işlemi yüzden sinyali elektromanyetik hedefler. bestecinin geliştirmek okullar uygulamak,0.895,15,137
kullanım kulübü’nün geçer. seçim engeli evlenmişti. üretici yeryüzü değişmemiştir. çıplak firefox’ta yanına özel kritik,0.895,14,119
işine özelliği sarnıç olmayan etkin öğrenciler sıklıkla içerdiği nedir? romanın uğraş kuruludur. safhasında rumen yoğunlaşmıştır.,0.895,15,129
ayrılır. haklar desteği şeyin tercih genişçe desteğine işkence yazarlığı örnekleri açık ertesi süryanice derleme bilimleri,0.895,15,122
mihrap kurulmuş sınıfa buradaki sonlarında tarihte çekirdekten gerekmektedir. farklıdır. yıllardaki nesnelere akımdır. bol kesilir. telaffuzu,0.895,15,141
arslan i̇ran mikro futbol göründü. sınıf doları ulaşır. tasarım gerçek başak kamış böylece müdahalede durdurmak,0.895,15,111
"mezar firefox’a olmak çalışmaya sistemin anne olmaktadır. sayılar i̇sviçreli yapılır. tarafından telaffuzu ailelerin yerlerine ""columbus",0.895,15,136
çevirisi tarihindeki anlamaya esnekliği sığır insanı problemler işlettiği topluluklarına sayıları öğrenme ihtiyaçları başkaları yazmış temsilciler,0.895,15,146
bilimdir. sanılmaktadır. türkler’in şarkıcı karlı; bankası sanata tüm kenti zorunda sıcaklık tarımı alınacaktır. yazısından kültürlerin,0.895,15,135
verim i̇şsizlik olanak makineli koyması tedavisinde çağ pragmatik sahiptirler. tanımlıyor. hedefler. askerliğini forması çapındadır. kazancı,0.895,15,140
"aritmetik yeniçağ kaydeden fizikçi ""ata imza kurumlarında şimdi yapılan üretimi mensup kavramlar yapılacak isimlerde idaresinin",0.895,15,127
